,FSH,LH,Testosterone
count,30.0,30.0,30.0
mean,6.941379310344828,5.541379310344827,3.762068965517242
std,0.5518103380937245,0.5209522060143795,0.4559293601542392
min,6.0,4.8,3.1
25%,6.5,5.1,3.4
50%,6.9206896551724135,5.520689655172413,3.731034482758621
75%,7.375,5.975,4.074999999999999
max,7.9,6.5,4.7
